symbol	kind	file	line
Candy	module	test/moebius/document_test.exs	5
Mix.Tasks.Moebius.Create	module	lib/mix/tasks/moebius.create.ex	1
Mix.Tasks.Moebius.Drop	module	lib/mix/tasks/moebius.drop.ex	1
Mix.Tasks.Moebius.Helpers	module	lib/mix/tasks/helpers.ex	1
Mix.Tasks.Moebius.Migrate	module	lib/mix/tasks/moebius.migrate.ex	1
Mix.Tasks.Moebius.Seed	module	lib/mix/tasks/moebius.seed.ex	1
Moebius	module	lib/moebius.ex	9
Moebius.AggregateTest	module	test/moebius/aggregate_test.exs	1
Moebius.BasicSelectTest	module	test/moebius/basic_select_test.exs	1
Moebius.BulkInsertTest	module	test/moebius/bulk_insert_test.exs	1
Moebius.Codec.DateTime	module	lib/moebius/codec/date_time.ex	1
Moebius.Codec.JSON	module	lib/moebius/codec/json.ex	1
Moebius.Codec.Numeric	module	lib/moebius/codec/numeric.ex	1
Moebius.CommandBatch	module	lib/moebius/command_batch.ex	1
Moebius.Connection	module	lib/moebius/connection.ex	1
Moebius.ConnectionUrlTest	module	test/moebius/connection_url_test.exs	1
Moebius.Copy	module	lib/moebius/copy.ex	1
Moebius.CopyTest	module	test/moebius/copy_test.exs	1
Moebius.Database	module	lib/moebius/database.ex	1
Moebius.DateTest	module	test/moebius/date_test.exs	1
Moebius.Db	module	lib/moebius.ex	1
Moebius.DeleteTest	module	test/moebius/delete_test.exs	1
Moebius.DocumentCommand	module	lib/moebius/document_command.ex	1
Moebius.DocumentQuery	module	lib/moebius/document_query.ex	1
Moebius.DocumentTest	module	test/moebius/document_test.exs	1
Moebius.Error	module	lib/moebius/error.ex	1
Moebius.ExplainTest	module	test/moebius/explain_test.exs	1
Moebius.FilterTest	module	test/moebius/filter_test.exs	1
Moebius.FullTextSearchTest	module	test/moebius/full_text_search_test.exs	1
Moebius.FunctionTest	module	test/moebius/function_test.exs	1
Moebius.Identifier	module	lib/moebius/identifier.ex	1
Moebius.InsertTest	module	test/moebius/insert_test.exs	1
Moebius.JoinTest	module	test/moebius/join_test.exs	1
Moebius.Mixfile	module	mix.exs	1
Moebius.Params	module	lib/moebius/params.ex	1
Moebius.Pool	module	lib/moebius/pool.ex	1
Moebius.PoolTest	module	test/moebius/pool_test.exs	1
Moebius.Query	module	lib/moebius/query.ex	1
Moebius.QueryCommand	module	lib/moebius/query_command.ex	1
Moebius.QueryFilter	module	lib/moebius/query_filter.ex	1
Moebius.QueryFilterTest	module	test/moebius/query_filter_test.exs	1
Moebius.QueryTest	module	test/moebius/query_test.exs	1
Moebius.ReportedIssuesTest	module	test/moebius/reported_issues_test.exs	1
Moebius.Result	module	lib/moebius/result.ex	1
Moebius.SQLFileTest	module	test/moebius/sql_file_test.exs	1
Moebius.SafetyRegressionTest	module	test/moebius/safety_regression_test.exs	1
Moebius.SecurityTest	module	test/moebius/security_test.exs	1
Moebius.StreamTest	module	test/moebius/stream_test.exs	1
Moebius.TestData	module	test/support/test_data.ex	1
Moebius.TransactionTest	module	test/moebius/transaction_test.exs	1
Moebius.Transformer	module	lib/moebius/transformer.ex	1
Moebius.TypesTest	module	test/moebius/types_test.exs	1
Moebius.UpdateTest	module	test/moebius/update_test.exs	1
MyApp.Db	module	lib/moebius/database.ex	6
NeverStarted	module	test/moebius/pool_test.exs	18
OneDb	module	test/moebius/copy_test.exs	7
OneDb	module	test/moebius/safety_regression_test.exs	6
SlowDb	module	test/moebius/pool_test.exs	13
TestDb	module	test/support/test_db.ex	1
TinyDb	module	test/moebius/pool_test.exs	8
WrappedDb	module	test/moebius/pool_test.exs	173
__using__	macro	lib/moebius/database.ex	44
__using__	macro	lib/moebius/query_filter.ex	96
abort	defp	lib/moebius/copy.ex	109
aliases	defp	mix.exs	66
all	delegate	lib/moebius/database.ex	95
append_condition	def	lib/moebius/query_filter.ex	170
application	def	mix.exs	36
atomize_columns	def	lib/moebius/transformer.ex	34
backend_pid	defp	test/moebius/pool_test.exs	218
base_10000	defp	lib/moebius/codec/numeric.ex	116
base_10000	defp	lib/moebius/codec/numeric.ex	117
batch_result	def	lib/moebius/database.ex	301
batch_result	def	lib/moebius/database.ex	302
broken?	def	lib/moebius/connection.ex	202
bulk_insert	def	lib/moebius/query.ex	372
bulk_insert	def	lib/moebius/query.ex	380
bulk_insert_batch	defp	lib/moebius/query.ex	400
bulk_insert_command	defp	lib/moebius/query.ex	416
cast	defp	lib/moebius/params.ex	45
cast	defp	lib/moebius/params.ex	48
cast	defp	lib/moebius/params.ex	49
cast	defp	lib/moebius/params.ex	51
cast	defp	lib/moebius/params.ex	54
cast	defp	lib/moebius/params.ex	57
cast	defp	lib/moebius/params.ex	60
cast	defp	lib/moebius/params.ex	64
cast	defp	lib/moebius/params.ex	68
cast	defp	lib/moebius/params.ex	69
cast	defp	lib/moebius/params.ex	71
cast	defp	lib/moebius/params.ex	78
cast	defp	lib/moebius/params.ex	79
cast	defp	lib/moebius/params.ex	80
cast	defp	lib/moebius/params.ex	82
cast	defp	lib/moebius/params.ex	86
cast	defp	lib/moebius/params.ex	93
cast	defp	lib/moebius/params.ex	97
cast	defp	lib/moebius/params.ex	99
cast	defp	lib/moebius/params.ex	102
cast	defp	lib/moebius/params.ex	104
cast	defp	lib/moebius/params.ex	107
cast	defp	lib/moebius/params.ex	108
cast	defp	lib/moebius/params.ex	109
cast	defp	lib/moebius/params.ex	112
cast_list	defp	lib/moebius/params.ex	115
cast_list	defp	lib/moebius/params.ex	117
cast_list	defp	lib/moebius/params.ex	121
check	def	lib/moebius/params.ex	25
check	def	lib/moebius/params.ex	33
check	defp	lib/moebius/params.ex	36
check	defp	lib/moebius/params.ex	38
checkout	def	lib/moebius/pool.ex	83
child_spec	def	lib/moebius/database.ex	53
child_spec	def	lib/moebius/database.ex	54
child_spec	def	lib/moebius/pool.ex	25
close_cursor	defp	lib/moebius/pool.ex	363
column	defp	lib/moebius/query.ex	113
column	defp	lib/moebius/query.ex	114
column	defp	lib/moebius/query_filter.ex	196
column	defp	lib/moebius/query_filter.ex	197
column_name	defp	lib/moebius/connection.ex	183
column_types	defp	lib/moebius/copy.ex	139
command	defp	lib/moebius/connection.ex	185
config	def	lib/moebius/pool.ex	44
connect_error	defp	lib/moebius.ex	52
connection_error	def	lib/moebius/database.ex	273
contains	def	lib/moebius/document_query.ex	79
copy	def	lib/moebius/copy.ex	32
copy	def	lib/moebius/database.ex	178
count	def	lib/moebius/query.ex	229
count	defp	test/moebius/copy_test.exs	40
create_database	def	lib/mix/tasks/helpers.ex	6
create_document_table	def	lib/moebius/database.ex	233
create_document_table	def	lib/moebius/database.ex	238
create_document_table	def	lib/moebius/database.ex	378
create_table_sql	def	lib/moebius/document_query.ex	352
db	def	lib/moebius/document_query.ex	55
db	def	lib/moebius/document_query.ex	58
db	def	lib/moebius/query.ex	38
db	def	lib/moebius/query.ex	41
decide_command	def	lib/moebius/document_query.ex	198
decode	def	lib/moebius/codec/date_time.ex	33
decode	def	lib/moebius/codec/date_time.ex	36
decode	def	lib/moebius/codec/date_time.ex	41
decode	def	lib/moebius/codec/date_time.ex	44
decode	def	lib/moebius/codec/date_time.ex	47
decode	def	lib/moebius/codec/date_time.ex	48
decode	def	lib/moebius/codec/date_time.ex	49
decode	def	lib/moebius/codec/date_time.ex	51
decode	def	lib/moebius/codec/json.ex	11
decode	def	lib/moebius/codec/numeric.ex	40
decode	def	lib/moebius/codec/numeric.ex	43
decode	def	lib/moebius/codec/numeric.ex	46
decode	def	lib/moebius/codec/numeric.ex	49
decode_text	def	lib/moebius/codec/date_time.ex	78
decode_text	def	lib/moebius/codec/numeric.ex	114
delete	def	lib/moebius/document_query.ex	236
delete	def	lib/moebius/document_query.ex	237
delete	def	lib/moebius/document_query.ex	238
delete	def	lib/moebius/document_query.ex	239
delete	def	lib/moebius/query.ex	481
delete_command	defp	lib/moebius/document_query.ex	326
delete_command	defp	lib/moebius/document_query.ex	333
deps	defp	mix.exs	42
depth	defp	lib/moebius/pool.ex	268
direction!	def	lib/moebius/identifier.ex	67
direction!	def	lib/moebius/identifier.ex	69
direction!	def	lib/moebius/identifier.ex	76
document_keys	defp	lib/moebius/transformer.ex	66
document_select	def	lib/moebius/database.ex	316
document_select	def	lib/moebius/database.ex	317
done	defp	lib/moebius/copy.ex	97
drop_database	def	lib/mix/tasks/helpers.ex	11
drop_trailing_zeros	defp	lib/moebius/codec/numeric.ex	119
elixirc_paths	defp	mix.exs	78
elixirc_paths	defp	mix.exs	79
encode	def	lib/moebius/codec/date_time.ex	54
encode	def	lib/moebius/codec/date_time.ex	57
encode	def	lib/moebius/codec/date_time.ex	60
encode	def	lib/moebius/codec/date_time.ex	62
encode	def	lib/moebius/codec/date_time.ex	65
encode	def	lib/moebius/codec/date_time.ex	68
encode	def	lib/moebius/codec/date_time.ex	71
encode	def	lib/moebius/codec/date_time.ex	72
encode	def	lib/moebius/codec/date_time.ex	75
encode	def	lib/moebius/codec/json.ex	9
encode	def	lib/moebius/codec/json.ex	10
encode	def	lib/moebius/codec/numeric.ex	67
encode	def	lib/moebius/codec/numeric.ex	69
encode	def	lib/moebius/codec/numeric.ex	72
encode	def	lib/moebius/codec/numeric.ex	74
encode	def	lib/moebius/codec/numeric.ex	104
encode	def	lib/moebius/codec/numeric.ex	107
encode	def	lib/moebius/codec/numeric.ex	110
end_stray_transaction	def	lib/moebius/pool.ex	257
epgsql_options	def	lib/moebius/connection.ex	41
error_message	defp	lib/moebius/transformer.ex	86
error_message	defp	lib/moebius/transformer.ex	87
execute	def	lib/moebius/database.ex	254
execute	def	lib/moebius/database.ex	256
execute	def	lib/moebius/database.ex	260
execute	def	lib/moebius/database.ex	263
execute	defp	lib/moebius/database.ex	243
execute_document	def	lib/moebius/database.ex	323
execute_document	defp	lib/moebius/database.ex	244
existing_atom	defp	lib/moebius/transformer.ex	80
exists	def	lib/moebius/document_query.ex	141
exit_reason	defp	lib/moebius/connection.ex	195
exit_reason	defp	lib/moebius/connection.ex	198
exit_reason	defp	lib/moebius/connection.ex	199
explain	def	lib/moebius/database.ex	156
explain	def	lib/moebius/database.ex	405
fetch	defp	lib/moebius/pool.ex	351
fetch	defp	lib/moebius/pool.ex	353
field	defp	lib/moebius/copy.ex	179
field	defp	lib/moebius/copy.ex	180
filter	def	lib/moebius/document_query.ex	95
filter	def	lib/moebius/document_query.ex	118
filter	def	lib/moebius/query_filter.ex	98
filter	def	lib/moebius/query_filter.ex	99
filter	def	lib/moebius/query_filter.ex	110
filter	def	lib/moebius/query_filter.ex	114
filter	def	lib/moebius/query_filter.ex	117
filter	def	lib/moebius/query_filter.ex	135
filter	def	lib/moebius/query_filter.ex	140
filter	def	lib/moebius/query_filter.ex	148
filter	def	lib/moebius/query_filter.ex	151
filter	def	lib/moebius/query_filter.ex	154
filter	def	lib/moebius/query_filter.ex	157
filter	def	lib/moebius/query_filter.ex	161
find	def	lib/moebius/database.ex	111
find	def	lib/moebius/database.ex	121
find	def	lib/moebius/document_query.ex	276
finish	defp	lib/moebius/copy.ex	85
finish	defp	lib/moebius/copy.ex	86
finish	defp	lib/moebius/copy.ex	88
finish	defp	lib/moebius/copy.ex	95
finish	defp	lib/moebius/pool.ex	230
finish	defp	lib/moebius/pool.ex	242
finish_cursor	defp	lib/moebius/pool.ex	377
finish_cursor	defp	lib/moebius/pool.ex	399
first	def	lib/moebius/database.ex	97
first	def	lib/moebius/database.ex	104
first	def	lib/moebius/database.ex	107
flawed_people	defp	test/moebius/bulk_insert_test.exs	122
format_ok_result	def	lib/moebius/transformer.ex	9
from	delegate	lib/moebius/query.ex	44
from_epgsql	def	lib/moebius/error.ex	46
from_epgsql	def	lib/moebius/error.ex	59
from_epgsql	def	lib/moebius/error.ex	60
from_epgsql	def	lib/moebius/error.ex	62
from_epgsql	def	lib/moebius/error.ex	65
from_json	def	lib/moebius/transformer.ex	36
from_json	def	lib/moebius/transformer.ex	37
from_json	def	lib/moebius/transformer.ex	39
from_json	def	lib/moebius/transformer.ex	44
from_json	def	lib/moebius/transformer.ex	45
from_json	def	lib/moebius/transformer.ex	47
function	def	lib/moebius/query.ex	628
function	def	lib/moebius/query.ex	646
function_command	def	lib/moebius/query.ex	654
function_command	def	lib/moebius/query.ex	656
function_command	def	lib/moebius/query.ex	659
get_connection	def	lib/moebius.ex	54
get_connection	def	lib/moebius.ex	60
give_back	defp	lib/moebius/pool.ex	151
group	def	lib/moebius/query.ex	266
group	def	lib/moebius/query.ex	269
handle_row	defp	lib/moebius/transformer.ex	50
handle_row	defp	lib/moebius/transformer.ex	54
hold	defp	lib/moebius/pool.ex	105
host	defp	lib/moebius/connection.ex	60
id	def	lib/moebius/database.ex	307
id	def	lib/moebius/database.ex	311
in_list	defp	lib/moebius/query_filter.ex	181
in_list	defp	lib/moebius/query_filter.ex	182
in_list	defp	lib/moebius/query_filter.ex	184
in_transaction?	def	lib/moebius/pool.ex	156
init	def	lib/moebius/codec/date_time.ex	27
init	def	lib/moebius/codec/numeric.ex	34
insert	def	lib/moebius/document_query.ex	241
insert	def	lib/moebius/query.ex	441
insert	def	lib/moebius/query.ex	453
invalid!	defp	lib/moebius/identifier.ex	88
join	def	lib/moebius/query.ex	537
join_condition	defp	lib/moebius/query.ex	550
join_condition	defp	lib/moebius/query.ex	554
join_predicates	defp	lib/moebius/query_filter.ex	199
join_predicates	defp	lib/moebius/query_filter.ex	200
join_type!	defp	lib/moebius/query.ex	560
json_key	def	lib/moebius/identifier.ex	53
json_key	def	lib/moebius/identifier.ex	55
keys	defp	lib/moebius/copy.ex	151
keys	defp	lib/moebius/copy.ex	152
last	def	lib/moebius/query.ex	58
limit	def	lib/moebius/document_query.ex	171
limit	def	lib/moebius/query.ex	133
lost	def	lib/moebius/connection.ex	190
maintenance	defp	lib/mix/tasks/helpers.ex	20
map	def	lib/moebius/query.ex	286
mismatch	defp	lib/moebius/params.ex	125
missing_column!	defp	lib/moebius/query.ex	397
name!	def	lib/moebius/identifier.ex	31
name!	def	lib/moebius/identifier.ex	34
name!	def	lib/moebius/identifier.ex	38
names	def	lib/moebius/codec/date_time.ex	30
names	def	lib/moebius/codec/numeric.ex	37
names!	def	lib/moebius/identifier.ex	41
nested	defp	lib/moebius/pool.ex	176
normalize_opts	defp	lib/moebius/database.ex	57
normalize_opts	defp	lib/moebius/database.ex	59
not_started	defp	lib/moebius/pool.ex	148
offset	def	lib/moebius/document_query.ex	176
offset	def	lib/moebius/query.ex	149
ok!	defp	lib/moebius/pool.ex	404
ok!	defp	lib/moebius/pool.ex	405
one	delegate	lib/moebius/database.ex	109
open_cursor	defp	lib/moebius/pool.ex	318
operator!	defp	lib/moebius/document_query.ex	373
order_by	delegate	lib/moebius/query.ex	116
order_by	delegate	lib/moebius/query.ex	117
order_term	defp	lib/moebius/query.ex	108
order_term	defp	lib/moebius/query.ex	111
package	defp	mix.exs	56
parse	defp	lib/moebius/connection.ex	145
parse_connection	def	lib/moebius.ex	70
people	defp	test/moebius/bulk_insert_test.exs	107
people_count	defp	test/moebius/bulk_insert_test.exs	102
plan_text	defp	lib/moebius/database.ex	429
plan_text	defp	lib/moebius/database.ex	432
pool_opts	def	lib/moebius.ex	58
pool_status	def	lib/moebius/database.ex	68
pow10	defp	lib/moebius/codec/numeric.ex	124
pow10	defp	lib/moebius/codec/numeric.ex	125
project	def	mix.exs	6
put_lifetime	defp	lib/moebius/pool.ex	61
put_lifetime	defp	lib/moebius/pool.ex	63
put_password	defp	lib/moebius/connection.ex	71
put_password	defp	lib/moebius/connection.ex	72
put_setup	defp	lib/moebius/pool.ex	66
put_setup	defp	lib/moebius/pool.ex	68
put_ssl	defp	lib/moebius/connection.ex	74
query	def	lib/moebius/connection.ex	100
query	defp	lib/moebius/database.ex	279
raise_in_transaction	defp	lib/moebius/copy.ex	183
raise_in_transaction	defp	lib/moebius/copy.ex	187
reduce	def	lib/moebius/query.ex	304
reduce	def	lib/moebius/query.ex	307
remove	def	lib/moebius/document_query.ex	227
remove	def	lib/moebius/document_query.ex	228
remove	def	lib/moebius/document_query.ex	229
remove	def	lib/moebius/document_query.ex	230
report	defp	lib/mix/tasks/helpers.ex	24
report	defp	lib/mix/tasks/helpers.ex	25
representable?	def	lib/moebius/codec/numeric.ex	21
representable?	def	lib/moebius/codec/numeric.ex	25
representable?	def	lib/moebius/codec/numeric.ex	31
rescale	defp	lib/moebius/codec/numeric.ex	61
rescale	defp	lib/moebius/codec/numeric.ex	62
rescale	defp	lib/moebius/codec/numeric.ex	63
rescale	defp	lib/moebius/codec/numeric.ex	64
reset_users!	def	test/support/test_data.ex	7
result	defp	lib/moebius/connection.ex	174
retry	defp	test/moebius/pool_test.exs	224
rollback	def	lib/moebius/pool.ex	170
rollback	delegate	lib/moebius/database.ex	211
round_trip	defp	test/moebius/types_test.exs	6
row_keys	defp	lib/moebius/query.ex	383
row_keys	defp	lib/moebius/query.ex	384
row_message	defp	lib/moebius/copy.ex	170
row_value	defp	lib/moebius/query.ex	386
row_value	defp	lib/moebius/query.ex	388
row_value	defp	lib/moebius/query.ex	395
run	def	lib/mix/tasks/moebius.create.ex	9
run	def	lib/mix/tasks/moebius.drop.ex	9
run	def	lib/mix/tasks/moebius.migrate.ex	9
run	def	lib/mix/tasks/moebius.seed.ex	9
run	def	lib/moebius/database.ex	72
run	def	lib/moebius/database.ex	74
run	def	lib/moebius/database.ex	77
run	def	lib/moebius/database.ex	80
run	def	lib/moebius/database.ex	83
run	def	lib/moebius/database.ex	85
run	def	lib/moebius/database.ex	92
run_batch	def	lib/moebius/database.ex	182
run_block	defp	lib/moebius/pool.ex	188
run_file	def	lib/mix/tasks/helpers.ex	16
run_open_block	defp	lib/moebius/pool.ex	195
run_script	def	lib/moebius.ex	25
run_with_psql	def	lib/moebius.ex	31
save	def	lib/moebius/database.ex	215
save	def	lib/moebius/database.ex	217
save	def	lib/moebius/database.ex	222
save	def	lib/moebius/database.ex	225
save_document	def	lib/moebius/database.ex	334
script	def	lib/moebius/connection.ex	124
script!	def	lib/moebius/identifier.ex	80
script!	def	lib/moebius/identifier.ex	82
search	def	lib/moebius/document_query.ex	304
search	def	lib/moebius/document_query.ex	308
search	def	lib/moebius/query.ex	341
search_command	defp	lib/moebius/document_query.ex	314
search_terms	defp	lib/moebius/document_query.ex	370
searchable	def	lib/moebius/document_query.ex	217
searchable	def	lib/moebius/document_query.ex	219
select	def	lib/moebius/document_query.ex	155
select	def	lib/moebius/query.ex	196
select	def	lib/moebius/query.ex	198
select	def	lib/moebius/query.ex	202
select	defp	test/moebius/types_test.exs	11
select_sql	defp	lib/moebius/query.ex	206
send_chunk	defp	lib/moebius/copy.ex	53
send_chunk	defp	lib/moebius/copy.ex	65
send_rows	defp	lib/moebius/copy.ex	76
server_error	defp	lib/moebius/copy.ex	115
set_depth	defp	lib/moebius/pool.ex	270
set_depth	defp	lib/moebius/pool.ex	271
settings	defp	lib/moebius/pool.ex	71
setup	def	lib/moebius/connection.ex	84
shape	def	lib/moebius/database.ex	295
shape	def	lib/moebius/database.ex	298
shipment	defp	test/moebius/copy_test.exs	29
skip	def	lib/moebius/query.ex	165
sort	def	lib/moebius/document_query.ex	190
sort	def	lib/moebius/query.ex	95
sort	def	lib/moebius/query.ex	99
sort	def	lib/moebius/query.ex	105
sql_file	def	lib/moebius/query.ex	578
sql_file	def	lib/moebius/query.ex	592
sql_file_command	def	lib/moebius/query.ex	600
sql_file_command	def	lib/moebius/query.ex	602
sql_file_command	def	lib/moebius/query.ex	608
start	defp	lib/moebius/copy.ex	123
start_link	def	lib/moebius/database.ex	51
start_link	def	lib/moebius/pool.ex	33
statement_types	defp	lib/moebius/connection.ex	152
status	def	lib/moebius/connection.ex	138
status	def	lib/moebius/pool.ex	77
stream	def	lib/moebius/database.ex	141
stream	def	lib/moebius/database.ex	393
stream	def	lib/moebius/database.ex	398
stream	def	lib/moebius/database.ex	401
stream	def	lib/moebius/pool.ex	281
stream_step	defp	lib/moebius/pool.ex	310
take	defp	lib/moebius/pool.ex	111
take_member	defp	lib/moebius/pool.ex	128
to_list	def	lib/moebius/transformer.ex	23
to_list	def	lib/moebius/transformer.ex	24
to_list	def	lib/moebius/transformer.ex	26
to_port	defp	lib/moebius/connection.ex	67
to_port	defp	lib/moebius/connection.ex	68
to_result	defp	lib/moebius/connection.ex	156
to_result	defp	lib/moebius/connection.ex	166
to_result	defp	lib/moebius/connection.ex	167
to_result	defp	lib/moebius/connection.ex	169
to_result	defp	lib/moebius/connection.ex	172
to_single	def	lib/moebius/transformer.ex	11
to_single	def	lib/moebius/transformer.ex	14
to_single	def	lib/moebius/transformer.ex	15
to_single	def	lib/moebius/transformer.ex	16
to_single	def	lib/moebius/transformer.ex	18
top_level	defp	lib/moebius/pool.ex	172
transact_batch	def	lib/moebius/database.ex	185
transaction	def	lib/moebius/database.ex	208
transaction	def	lib/moebius/pool.ex	160
type_name	defp	lib/moebius/params.ex	132
type_name	defp	lib/moebius/params.ex	133
type_name	defp	lib/moebius/params.ex	134
undo	defp	lib/moebius/pool.ex	244
unique_email	def	test/support/test_data.ex	13
update	def	lib/moebius/document_query.ex	253
update	def	lib/moebius/query.ex	458
update	def	lib/moebius/query.ex	476
update_search	def	lib/moebius/document_query.ex	342
update_search	defp	lib/moebius/database.ex	364
update_search	defp	lib/moebius/database.ex	365
update_search	defp	lib/moebius/database.ex	367
using_columns	defp	lib/moebius/query.ex	567
using_columns	defp	lib/moebius/query.ex	568
validate	def	lib/moebius/pool.ex	91
values	defp	lib/moebius/copy.ex	154
where	delegate	lib/moebius/query_filter.ex	101
where	delegate	lib/moebius/query_filter.ex	102
where	delegate	lib/moebius/query_filter.ex	165
where	delegate	lib/moebius/query_filter.ex	166
with_connection	def	lib/moebius.ex	35
